{
    "epoch": 3.0,
    "total_flos": 1.005515890545918e+18,
    "train_loss": 0.21489770267172098,
    "train_ppl": 1.2397350688937643,
    "train_runtime": 2066.4216,
    "train_samples_per_second": 5.398,
    "train_steps_per_second": 1.35
}