{
    "epoch": 3.0,
    "total_flos": 1.005515890545918e+18,
    "train_loss": 0.17753669984879034,
    "train_ppl": 1.1942718866958557,
    "train_runtime": 2088.536,
    "train_samples_per_second": 5.342,
    "train_steps_per_second": 1.336
}